aps?,APS
Air purification system?,APS
What is APS?,APS
What is air purification system?,APS
How much pollution tax that Civic and Monash need to pay?,Both
How much pollution tax does Civic and Monash need to pay?,Both
Did civic install aps?,Civic-Installation
Did civic install air purification system?,Civic-Installation
Did civic installed aps or not?,Civic-Installation
Did Civic pay the Pollution Tax?,Civic-Payment
Did civic paid pollution tax or not?,Civic-Payment
How much is the Pollution Tax that Civic pays?,Civic-Pollution-Tax
What is the Pollution tax need to be paid by Civic?,Civic-Pollution-Tax
Did Florey install air purification system?,Florey-Installation
Did Florey installed aps or not?,Florey-Installation
Did Florey install aps?,Florey-Installation
Did Florey paid pollution tax or not?,Florey-Payment
Did Florey pay the pollution tax?,Florey-Payment
How much Pollution Tax that Florey pays?,Florey-Pollution-Tax
What is the pollution tax need to be paid by Florey?,Florey-Pollution-Tax
Hi,Greeting
Hello,Greeting
Hiiii,Greeting
Hey,Greeting
Good evening,Greeting
Good morning,Greeting
Good afternoon,Greeting
Which Industry has highest pollution tax?,Highest-Ranking-Industry
Which industry has crossed the restricted limit of air pollution three times?,Highest-Ranking-Industry
Which industry produces more air pollution?,Highest-Ranking-Industry
What are the names of industries that are monitored?,Industry-names
Can you list the industries causing Air Pollution?,Industry-names
Industry names?,Industry-names
Which industries are causing air pollution?,Industry-names
Did Monash install air purification system?,Monash-Installation
Did Monash install aps?,Monash-Installation
Did Monash installed aps or not?,Monash-Installation
Did Monash pay the Pollution Tax?,Monash-Payment
Did Monash paid the Pollution tax or not?,Monash-Payment
How much Pollution tax that Monash pays?,Monash-Pollution-Tax
What is the Pollution tax need to be paid by Monash?,Monash-Pollution-Tax
What is the meaning of pollution tax?,Pollution-Tax
Pollution tax?,Pollution-Tax
What is Pollution Tax?,Pollution-Tax
Can you tell something about Pollution Tax?,Pollution-Tax
